[
  {
    "estaEmprestado": false,
    "id": "a584c3d4-0dc1-4e87-ab1f-be02001f109e",
    "cor": "prata",
    "tamanho": "10cm",
    "lojaDeOrigem": "ck",
    "conservacao": "EXCELENTE",
    "numeroDeUsos": 1,
    "tipo": "Relogio"
  },
  {
    "quantidadeDeLavagens": 0,
    "estaEmprestado": false,
    "id": "9abc93bd-b996-4bf1-9676-584b32a7b986",
    "cor": "Preto",
    "tamanho": "20CM",
    "lojaDeOrigem": "ck",
    "conservacao": "BOA",
    "numeroDeUsos": 0,
    "tipo": "Camisa"
  },
  {
    "quantidadeDeLavagens": 2,
    "estaEmprestado": false,
    "id": "15fabbf2-4130-4342-b461-3c8a90355099",
    "cor": "",
    "tamanho": "",
    "lojaDeOrigem": "",
    "conservacao": "EXCELENTE",
    "numeroDeUsos": 0,
    "tipo": "Camisa"
  },
  {
    "quantidadeDeLavagens": 3,
    "estaEmprestado": false,
    "id": "a4657c32-7f05-47cf-b0e9-3d95ffca2d64",
    "cor": "preto",
    "tamanho": "40cm",
    "lojaDeOrigem": "zara",
    "conservacao": "EXCELENTE",
    "numeroDeUsos": 0,
    "tipo": "Camisa"
  },
  {
    "quantidadeDeLavagens": 3,
    "estaEmprestado": false,
    "id": "103ef3d5-ba7a-4d6d-b864-3ee3ba5817f7",
    "cor": "preto",
    "tamanho": "30cm",
    "lojaDeOrigem": "zara",
    "conservacao": "EXCELENTE",
    "numeroDeUsos": 0,
    "tipo": "Camisa"
  },
  {
    "quantidadeDeLavagens": 0,
    "estaEmprestado": false,
    "id": "608f3408-3ebc-4221-a0d5-be50429e5e14",
    "cor": "marrom",
    "tamanho": "20cm",
    "lojaDeOrigem": "riachuelo",
    "conservacao": "REGULAR",
    "numeroDeUsos": 1,
    "tipo": "Camisa"
  },
  {
    "quantidadeDeLavagens": 0,
    "estaEmprestado": false,
    "id": "1a1a925d-021c-4a72-9f24-03aa0d1e6ce1",
    "cor": "amarelo",
    "tamanho": "100cm",
    "lojaDeOrigem": "calvin klein",
    "conservacao": "EXCELENTE",
    "numeroDeUsos": 0,
    "tipo": "Camisa"
  },
  {
    "quantidadeDeLavagens": 0,
    "estaEmprestado": false,
    "id": "a1c32d3b-a765-4fbb-af96-a1144f706fb9",
    "cor": "white",
    "tamanho": "40cm",
    "lojaDeOrigem": "zara",
    "conservacao": "EXCELENTE",
    "numeroDeUsos": 1,
    "tipo": "Calca"
  },
  {
    "quantidadeDeLavagens": 0,
    "id": "2e77ed49-9666-43bb-ad45-132ac6822290",
    "cor": "branca",
    "tamanho": "20cm",
    "lojaDeOrigem": "ck",
    "conservacao": "EXCELENTE",
    "numeroDeUsos": 1,
    "tipo": "Cueca"
  },
  {
    "quantidadeDeLavagens": 0,
    "estaEmprestado": false,
    "id": "475e61ab-5d60-4cde-82d5-0e90e905e8a0",
    "cor": "black",
    "tamanho": "20cm",
    "lojaDeOrigem": "ck",
    "conservacao": "EXCELENTE",
    "numeroDeUsos": 1,
    "tipo": "Camisa"
  },
  {
    "quantidadeDeLavagens": 0,
    "id": "fca671f7-5230-436d-a123-dd5e419b5540",
    "cor": "blue",
    "tamanho": "20cm",
    "lojaDeOrigem": "ck",
    "conservacao": "EXCELENTE",
    "numeroDeUsos": 2,
    "tipo": "Cueca"
  },
  {
    "quantidadeDeLavagens": 1,
    "estaEmprestado": false,
    "id": "8dc4a73e-e971-47ff-808d-4e22a06ed70f",
    "cor": "marrom",
    "tamanho": "30cm",
    "lojaDeOrigem": "zara",
    "conservacao": "EXCELENTE",
    "numeroDeUsos": 0,
    "tipo": "Casaco"
  },
  {
    "quantidadeDeLavagens": 0,
    "estaEmprestado": false,
    "id": "678cc0fb-7ee4-49e8-9cfd-8dfd240b7e8c",
    "cor": "preta",
    "tamanho": "40cm",
    "lojaDeOrigem": "zara",
    "conservacao": "EXCELENTE",
    "numeroDeUsos": 2,
    "tipo": "Calca"
  }
]