[
  {
    "id": "7a518ea7-034b-4b46-9680-692b757a2eec",
    "items": []
  },
  {
    "id": "f398d737-20b5-40b2-8c20-ec6fd614257e",
    "items": [
      {
        "quantidadeDeLavagens": 1,
        "estaEmprestado": false,
        "id": "608f3408-3ebc-4221-a0d5-be50429e5e14",
        "cor": "marrom",
        "tamanho": "20cm",
        "lojaDeOrigem": "riachuelo",
        "conservacao": "REGULAR",
        "numeroDeUsos": 0,
        "tipo": "Camisa"
      }
    ]
  },
  {
    "id": "039d2c4e-b5dd-4f4c-a67e-71ed3d693bd3",
    "items": [
      {
        "quantidadeDeLavagens": 3,
        "estaEmprestado": false,
        "id": "a4657c32-7f05-47cf-b0e9-3d95ffca2d64",
        "cor": "preto",
        "tamanho": "40cm",
        "lojaDeOrigem": "zara",
        "conservacao": "EXCELENTE",
        "numeroDeUsos": 0,
        "tipo": "Camisa"
      },
      {
        "quantidadeDeLavagens": 3,
        "estaEmprestado": false,
        "id": "103ef3d5-ba7a-4d6d-b864-3ee3ba5817f7",
        "cor": "preto",
        "tamanho": "30cm",
        "lojaDeOrigem": "zara",
        "conservacao": "EXCELENTE",
        "numeroDeUsos": 0,
        "tipo": "Camisa"
      },
      {
        "quantidadeDeLavagens": 1,
        "estaEmprestado": false,
        "id": "8dc4a73e-e971-47ff-808d-4e22a06ed70f",
        "cor": "marrom",
        "tamanho": "30cm",
        "lojaDeOrigem": "zara",
        "conservacao": "EXCELENTE",
        "numeroDeUsos": 0,
        "tipo": "Casaco"
      }
    ]
  }
]